lambda,run_type,snapshot,n_steps,dt,resection_time,wall_time_s,dice_core,dice_edema,assd_core_mm,assd_edema_mm,rel_l2_log,rel_l2,max_abs_diff,mass,mass_out_of_field,ref_mass,ref_mass_out_of_field,qoi_mass,qoi_log10_mass,qoi_V_core,qoi_V_edema,qoi_log10_V_core,qoi_log10_V_edema,qoi_r95_core,qoi_r95_edema,qoi_centroid_drift,qoi_centroid_x_mm,qoi_centroid_y_mm,qoi_centroid_z_mm,qoi_R_g,qoi_anisotropy,qoi_log10_anisotropy,qoi_wm_fraction,qoi_n_core,qoi_n_edema,qoi_voxel_volume
1.0,growth_fixed_dt,pre,1200,0.08333333333333333,100.0,5.7334761545062065,1.0,1.0,0.0,0.0,0.0,0.0,0.0,11044.552133675556,175.45659981530858,11044.552133675556,175.45659981530858,11046.028498588787,4.04320615936239,4302.0,12505.0,3.6337713460825554,4.09711842434465,10.295630140987,14.352700094407323,0.4229602832109226,131.75884530957643,102.98070627133498,90.34694029528836,14.163499908432428,1.0682859098142288,0.028687500292928988,0.48736124102191,4302.0,12505.0,1.0
1.0,growth_fixed_n,pre,1200,0.08333333333333333,100.0,2.1908500641584396,1.0,1.0,0.0,0.0,0.0,0.0,0.0,11044.552133675556,175.45659981530858,11044.552133675556,175.45659981530858,11046.028498588787,4.04320615936239,4302.0,12505.0,3.6337713460825554,4.09711842434465,10.295630140987,14.352700094407323,0.4229602832109226,131.75884530957643,102.98070627133498,90.34694029528836,14.163499908432428,1.0682859098142288,0.028687500292928988,0.48736124102191,4302.0,12505.0,1.0
1.0,treated,pre,2640,0.08333333333333333,100.0,11.42271213233471,1.0,1.0,0.0,0.0,0.0,0.0,0.0,11034.174922307024,174.98775973202123,11034.174922307024,174.98775973202123,11035.648914261956,4.0427978754765865,4294.0,12487.0,3.632963168167261,4.096492890054361,10.295630140987,14.352700094407323,0.4224968122149323,131.75921135607484,102.98077173957536,90.34663332108946,14.160541325881995,1.0682496049370345,0.02867274087730091,0.4872731244450839,4294.0,12487.0,1.0
1.0,treated,d34,2640,0.08333333333333333,100.0,11.42271213233471,,,,,0.0,0.0,0.0,1955.120605627581,266.23698395675467,1955.120605627581,266.23698395675467,1956.313669069567,3.2914384894211905,0.0,0.0,0.0,0.0,0.0,0.0,1.728621932586716,130.7759806306989,103.05776768633554,91.2192511077752,18.267124609497117,1.129039101001238,0.052708982717723576,0.6139879211189639,0.0,0.0,1.0
1.0,treated,d55,2640,0.08333333333333333,100.0,11.42271213233471,,,,,0.0,0.0,0.0,579.644240073455,243.2076470252642,579.644240073455,243.2076470252642,580.7166116921777,2.7639642494241654,0.0,0.0,0.0,0.0,0.0,0.0,3.919825499125804,128.9684227882526,103.22060278518325,92.4750567597492,22.038128779980855,1.222676313491378,0.08731149884283496,0.6302901097372573,0.0,0.0,1.0
1.0,treated,d80,2640,0.08333333333333333,100.0,11.42271213233471,,,,,0.0,0.0,0.0,936.0785242488953,372.0192086581172,936.0785242488953,372.0192086581172,937.8168943134863,2.9721180520763593,0.0,0.0,0.0,0.0,0.0,0.0,3.9444485526857673,128.94859358445999,103.21480502314648,92.49027148600652,22.238690958632805,1.2222178309937008,0.087148615372748,0.628508888674971,0.0,0.0,1.0
1.0,treated,d120,2640,0.08333333333333333,100.0,11.42271213233471,,,,,0.0,0.0,0.0,1291.4189138158058,501.5364032944079,1291.4189138158058,501.5364032944079,1293.8360335511081,3.1118792421472516,0.0,0.0,0.0,0.0,0.0,0.0,3.9842138042133937,128.91476143969874,103.20625966717256,92.51251260960271,22.55717940295213,1.2225645060262975,0.08727178302853451,0.6253784192454964,0.0,0.0,1.0
0.25,growth_fixed_dt,pre,4800,0.08333333333333333,400.0,8.243488572537899,0.9997676039972112,0.999720190270616,0.001998001998001998,0.0031257513825438807,0.00011029718834122657,0.00032475908593829466,0.00017784390419439688,11049.809107008447,175.97633053135684,11044.552133675556,175.45659981530858,11051.287192934386,4.043412865191397,4304.0,12512.0,3.6339731557896737,4.097361444565494,10.295630140987,14.352700094407323,0.42343267018119907,131.7584327354606,102.98061998903268,90.34722456430188,14.166505922955519,1.0683191678177328,0.028701020589733776,0.48743117328555063,4304.0,12512.0,1.0
0.25,growth_fixed_n,pre,1200,0.3333333333333333,400.0,2.174862116575241,1.0,1.0,0.0,0.0,0.0,0.0,0.0,11044.552133675556,175.45659981530858,11044.552133675556,175.45659981530858,11046.028498588787,4.04320615936239,4302.0,12505.0,3.6337713460825554,4.09711842434465,10.295630140987,14.352700094407323,0.4229602832109226,131.75884530957643,102.98070627133498,90.34694029528836,14.163499908432428,1.0682859098142288,0.028687500292928988,0.48736124102191,4302.0,12505.0,1.0
0.25,treated,pre,6240,0.08333333333333333,400.0,24.697157077491283,0.9990693345742205,0.999199807953909,0.0074962518740629685,0.008666345690900338,0.00016479722131952713,0.0008286278342645458,0.000459335120524651,11047.211811390125,175.85862316445719,11034.174922307024,174.98775973202123,11048.689302671484,4.0433107610637125,4302.0,12507.0,3.6337713460825554,4.0971878725708955,10.295630140987,14.352700094407323,0.42331666288346537,131.75852442020678,102.98063641722742,90.3471477971996,14.16576562920475,1.0683100972710964,0.02869733320379701,0.4874091412134734,4302.0,12507.0,1.0
0.25,treated,d34,6240,0.08333333333333333,400.0,24.697157077491283,,,,,0.02303767372959535,0.2979174436473126,0.026839493114579366,1271.2676980959657,142.0957270981115,1955.120605627581,266.23698395675467,1271.9879177948217,3.104482986108025,0.0,0.0,0.0,0.0,0.0,0.0,1.4996847831249998,130.99662391732048,103.0844442718536,91.11137754628861,17.492249256416084,1.119570901229223,0.04905160219158188,0.6090732682703832,0.0,0.0,1.0
0.25,treated,d55,6240,0.08333333333333333,400.0,24.697157077491283,,,,,0.03613440167111053,0.4986541059474818,0.010422279495631397,263.1515372974778,99.66604746793118,579.644240073455,243.2076470252642,263.6289778391807,2.420993145770104,0.0,0.0,0.0,0.0,0.0,0.0,3.387961065777834,129.43492334523222,103.24961928947445,92.19917078661801,20.899803634796825,1.202304344929526,0.0800144165793641,0.6304458619387,0.0,0.0,1.0
0.25,treated,d80,6240,0.08333333333333333,400.0,24.697157077491283,,,,,0.05310021990354064,0.6418877071123412,0.019216619371131716,296.8329660752764,106.86630650976898,936.0785242488953,372.0192086581172,297.3717863778647,2.473299761759399,0.0,0.0,0.0,0.0,0.0,0.0,3.395877644085156,129.42916338554787,103.24823304154243,92.20480485133633,20.954242634169116,1.2019646326420823,0.07989168890269424,0.6299530549651112,0.0,0.0,1.0
0.25,treated,d120,6240,0.08333333333333333,400.0,24.697157077491283,,,,,0.07762904882872758,0.7908197962821751,0.03260520125343397,234.5512107549643,81.15154871667583,1291.4189138158058,501.5364032944079,234.97727059700935,2.37102585490278,0.0,0.0,0.0,0.0,0.0,0.0,3.4082254040255537,129.42005991424128,103.24621038552571,92.2134339846943,21.038826809343877,1.2015543226007932,0.07974341015653026,0.629180312301435,0.0,0.0,1.0
0.5,growth_fixed_dt,pre,2400,0.08333333333333333,200.0,4.4316316321492195,0.9997676039972112,0.999720190270616,0.001998001998001998,0.0031257513825438807,7.349844587474104e-05,0.00021645516823980962,0.00011854680508299742,11048.05569456054,175.8028448816235,11044.552133675556,175.45659981530858,11049.533206286336,4.0433439313952375,4304.0,12512.0,3.6339731557896737,4.097361444565494,10.295630140987,14.352700094407323,0.4232751038262163,131.7585703667406,102.98064878135409,90.34712976830033,14.165503326066453,1.0683080805247887,0.028696513345759716,0.4874078557491304,4304.0,12512.0,1.0
0.5,growth_fixed_n,pre,1200,0.16666666666666666,200.0,2.1540814489126205,1.0,1.0,0.0,0.0,0.0,0.0,0.0,11044.552133675556,175.45659981530858,11044.552133675556,175.45659981530858,11046.028498588787,4.04320615936239,4302.0,12505.0,3.6337713460825554,4.09711842434465,10.295630140987,14.352700094407323,0.4229602832109226,131.75884530957643,102.98070627133498,90.34694029528836,14.163499908432428,1.0682859098142288,0.028687500292928988,0.48736124102191,4302.0,12505.0,1.0
0.5,treated,pre,3840,0.08333333333333333,200.0,15.546722449362278,0.9994181310368905,0.999359743897559,0.005,0.006740491092922484,0.00010981646550903477,0.0005522821444564151,0.0003062019859000342,11042.863100052804,175.56776227539365,11034.174922307024,174.98775973202123,11044.33942342728,4.0431397452559175,4299.0,12503.0,3.6334684555795866,4.097048965011131,10.295630140987,14.352700094407323,0.42304318233169586,131.75875362074683,102.98068159695677,90.34697624979013,14.164023170869848,1.068289935645776,0.02868913692701315,0.4873637935508849,4299.0,12503.0,1.0
0.5,treated,d34,3840,0.08333333333333333,200.0,15.546722449362278,,,,,0.015445980722329142,0.2091151140020719,0.018473303399334312,1468.1668960225845,173.8710673802712,1955.120605627581,266.23698395675467,1469.0191617875844,3.167027460735346,0.0,0.0,0.0,0.0,0.0,0.0,1.570042200181252,130.9284951388519,103.07596862780285,91.1450496104867,17.74446489437809,1.122546944660549,0.0502045121526156,0.6107214790076515,0.0,0.0,1.0
0.5,treated,d55,3840,0.08333333333333333,200.0,15.546722449362278,,,,,0.02433232798450506,0.37076261700517255,0.007656130159797577,340.969552785367,132.06951644615486,579.644240073455,243.2076470252642,341.59492517594737,2.5335114100718448,0.0,0.0,0.0,0.0,0.0,0.0,3.5476932631981604,129.29533829457563,103.23982306913075,92.28329092418493,21.267659303581738,1.2083649062670005,0.08219810386050616,0.6298036633747887,0.0,0.0,1.0
0.5,treated,d80,3840,0.08333333333333333,200.0,15.546722449362278,,,,,0.036037920601718385,0.4972887972015601,0.014544371982086388,433.7036713143874,158.90835803121612,936.0785242488953,372.0192086581172,434.50010172366865,2.637989882460227,0.0,0.0,0.0,0.0,0.0,0.0,3.5624071145178107,129.28421950624488,103.23701214678331,92.2932740790371,21.37329221056938,1.2078575796054158,0.08201572895573252,0.6289500963714622,0.0,0.0,1.0
0.5,treated,d120,3840,0.08333333333333333,200.0,15.546722449362278,,,,,0.05339339124725304,0.6484702382408173,0.026214047696644,413.2829488495898,145.92546866688446,1291.4189138158058,501.5364032944079,414.0433409828279,2.6170458043201497,0.0,0.0,0.0,0.0,0.0,0.0,3.585417277957209,129.2664000063081,103.23301656211133,92.30832220743628,21.53776785274108,1.2074230869334759,0.08185947566848467,0.6275120127131996,0.0,0.0,1.0
2.0,growth_fixed_dt,pre,600,0.08333333333333333,50.0,1.544798530638218,1.0,0.9996,0.0,0.004331087584215592,0.00014660164491961793,0.00043230085064859897,0.00023690398054254658,11037.558037167899,174.7670033092217,11044.552133675556,175.45659981530858,11039.032114786836,4.0429309967958655,4302.0,12495.0,3.6337713460825554,4.096771016533225,10.295630140987,14.352700094407323,0.42233188719400994,131.75939391935935,102.98082087347368,90.34656182421797,14.159500161565262,1.0682415839128494,0.028669479935658854,0.48726809288132683,4302.0,12495.0,1.0
2.0,growth_fixed_n,pre,1200,0.041666666666666664,50.0,2.222058244049549,1.0,1.0,0.0,0.0,0.0,0.0,0.0,11044.552133675556,175.45659981530858,11044.552133675556,175.45659981530858,11046.028498588787,4.04320615936239,4302.0,12505.0,3.6337713460825554,4.09711842434465,10.295630140987,14.352700094407323,0.4229602832109226,131.75884530957643,102.98070627133498,90.34694029528836,14.163499908432428,1.0682859098142288,0.028687500292928988,0.48736124102191,4302.0,12505.0,1.0
2.0,treated,pre,2040,0.08333333333333333,50.0,9.001808151602745,0.9988342270925624,0.9989177055357358,0.009009009009009009,0.01253616200578592,0.0002190539839886483,0.001102930528743903,0.0006121453282108558,11016.83545106814,173.83459673112563,11034.174922307024,174.98775973202123,11018.304797691759,4.042114782025751,4284.0,12460.0,3.631950826259217,4.095552896019402,10.295630140987,14.352700094407323,0.4214064299136497,131.7601241697135,102.98095115957204,90.34594812746317,14.153589896845247,1.0681689138722472,0.028639934866789268,0.4870918912937596,4284.0,12460.0,1.0
2.0,treated,d34,2040,0.08333333333333333,50.0,9.001808151602745,,,,,0.03191223130492812,0.5760873013399049,0.04381396333655556,3431.101165461055,625.1963269365536,1955.120605627581,266.23698395675467,3433.4359053518165,3.5357289444892626,0.0,0.0,0.0,0.0,0.0,0.0,2.095851785040786,130.4274929602943,103.01668466202632,91.3854739033947,19.360011249678262,1.1436895195005512,0.05830814135501303,0.6195986735426637,0.0,0.0,1.0
2.0,treated,d55,2040,0.08333333333333333,50.0,9.001808151602745,,,,,0.05133541818192372,1.5764243385981669,0.03228745629416797,1684.62191584872,842.2509602729385,579.644240073455,243.2076470252642,1687.7662109067742,3.2273122880568277,0.0,0.0,0.0,0.0,0.0,0.0,4.673655851141872,128.30369102675076,103.17703888479852,92.85464817840291,23.547324905308574,1.253111048092787,0.09798955897255904,0.6303839617116208,0.0,0.0,1.0
2.0,treated,d80,2040,0.08333333333333333,50.0,9.001808151602745,,,,,0.0776759785112412,2.989149824538602,0.07260150601665608,4320.776005104325,2066.830029160368,936.0785242488953,372.0192086581172,4329.001947573817,3.636387781197858,0.0,0.0,0.0,0.0,0.0,0.0,4.6896616722956,128.28436278681738,103.1605297174452,92.85678086496459,23.932806724502463,1.2540877758124969,0.09832793459431373,0.6258959094313515,0.0,0.0,1.0
2.0,treated,d120,2040,0.08333333333333333,50.0,9.001808151602745,,,,,0.11853529817380673,6.593468192325057,0.18236338599521143,11683.376559754573,5671.961384885182,1291.4189138158058,501.5364032944079,11707.1998849975,4.068453033423144,0.0,0.0,0.0,0.0,0.0,0.0,4.70141872049394,128.24589111188584,103.11742949984003,92.82775790232482,24.678129824464442,1.2612767380638603,0.10081038604021435,0.6171006977596514,0.0,0.0,1.0
4.0,growth_fixed_dt,pre,300,0.08333333333333333,25.0,1.0814440473914146,0.9994185370391906,0.9988391177294744,0.004497751124437781,0.012999518536350506,0.00043823120683092275,0.0012944740291699183,0.0007099529707306762,11023.621700247382,173.39929501012966,11044.552133675556,175.45659981530858,11025.091228441539,4.042382191776595,4297.0,12476.0,3.6332664111554247,4.096110175084596,10.295630140987,14.352700094407323,0.42108005085747907,131.76048605927224,102.98104857304727,90.34580677385449,14.151528892692562,1.068152994336752,0.02863346227818398,0.4870821213065559,4297.0,12476.0,1.0
4.0,growth_fixed_n,pre,1200,0.020833333333333332,25.0,2.1561007648706436,1.0,1.0,0.0,0.0,0.0,0.0,0.0,11044.552133675556,175.45659981530858,11044.552133675556,175.45659981530858,11046.028498588787,4.04320615936239,4302.0,12505.0,3.6337713460825554,4.09711842434465,10.295630140987,14.352700094407323,0.4229602832109226,131.75884530957643,102.98070627133498,90.34694029528836,14.163499908432428,1.0682859098142288,0.028687500292928988,0.48736124102191,4302.0,12505.0,1.0
4.0,treated,pre,1740,0.08333333333333333,25.0,7.639696769416332,0.9970804624547471,0.9967863742267213,0.021575514300050176,0.03646462207196329,0.0006548560554991117,0.0033022818773518095,0.001835389346475369,10982.303286160573,171.55536269699783,11034.174922307024,174.98775973202123,10983.763411604203,4.040751169700169,4269.0,12407.0,3.630427875025024,4.093701784805549,10.295630140987,14.352700094407323,0.41923504918778337,131.76193921669912,102.98130655556592,90.3445803898321,14.139735877254274,1.06800741463702,0.028574267790632345,0.48672984668193814,4269.0,12407.0,1.0
4.0,treated,d34,1740,0.08333333333333333,25.0,7.639696769416332,,,,,0.09811086792568702,2.710197958787624,0.15555246126320474,10000.834580004059,3050.666876121172,1955.120605627581,266.23698395675467,10009.702805892028,4.000421183205871,0.0,0.0,0.0,0.0,0.0,0.0,2.9367176473627454,129.64540965014257,102.931477891707,91.75371592493343,21.673748042924917,1.1804692856607069,0.0720546917606994,0.6247543363783137,0.0,0.0,1.0
4.0,treated,d55,1740,0.08333333333333333,25.0,7.639696769416332,,,,,0.15909482385067106,15.452766088211582,0.27516723353056183,12740.456857331157,8303.566063433347,579.644240073455,243.2076470252642,12766.74232176916,4.1060800928648495,0.0,0.0,0.0,0.0,0.0,0.0,5.645413730067344,127.39797460560311,103.0479486231972,93.26951974798938,26.283677773755254,1.3102274375495815,0.11734668977735341,0.6174234749152397,0.0,0.0,1.0
4.0,treated,d80,1740,0.08333333333333333,25.0,7.639696769416332,0.0,0.0,,,0.23949514975501585,43.117029592836786,0.6706218904846811,60574.60223240543,38464.04628888576,936.0785242488953,372.0192086581172,60734.278119119714,4.783433873878823,91.0,102727.0,1.9637878273455553,5.01168883296551,27.97296018237226,32.4037034920393,5.149488109831526,127.67532492363861,102.87966240943481,92.79283586010561,27.44374031184054,1.3342261899632586,0.12522946130898702,0.5962296055073898,91.0,102727.0,1.0
4.0,treated,d120,1740,0.08333333333333333,25.0,7.639696769416332,0.0,0.0,,,0.35246889356016264,77.6563195983548,0.8243210913591345,178368.3288575955,131228.22322780234,1291.4189138158058,501.5364032944079,179338.4140758817,5.2536733248902,165246.0,249644.0,5.218133583768738,5.397322872237093,36.193922141707716,42.34383071948026,5.615303712965317,126.81960613712481,102.42072678023317,92.08796497843908,31.48023349407267,1.5367951542698446,0.18661598246452665,0.5426184852865223,165246.0,249644.0,1.0
