qoi,factor,S1,S1_conf,ST,ST_conf,S1_half,ST_half,n_blocks_used
log10_mass,rho,0.6737698827858675,0.04537779410552935,0.7928234643050653,0.04973733338210857,0.6695807095704256,0.7974633977784971,2047
log10_mass,white_matter_diffusivity,0.10036407357972699,0.02732157715945317,0.17957090890097968,0.02276225892398459,0.10912513449814498,0.19338944946237988,2047
log10_mass,diffusivity_ratio,0.0059028375892042784,0.0100164059481927,0.018684652203690304,0.007814124367216325,0.011550607896121345,0.02265590217901433,2047
log10_mass,resection_time,0.004571872873872062,0.01013189140762949,0.029825370574100476,0.013140961408604485,0.011085473027499152,0.045730017485490465,2047
log10_mass,chemo_kill_rate,0.01356508622333537,0.008519919449724115,0.019261298126270466,0.0022198936278143887,0.016745310164120526,0.019032807782254278,2047
log10_mass,chemo_decay_rate,0.0035190895232163166,0.004648394413242816,0.005965360820425195,0.0009304797668427439,0.002463795295664794,0.00580890475937489,2047
log10_mass,rt_alpha,0.01833349057264268,0.018143583479181175,0.09297214699189907,0.015695192617260073,0.016507253611037373,0.08288498242502808,2047
log10_mass,rt_alpha_beta_ratio,0.00022490485873672005,0.00216599250630094,0.0011874526550176578,0.00038426621178934515,0.0003701134131553267,0.001090934080149188,2047
log10_mass,seed_peak_density,-0.004852762253440237,0.013957291985897052,0.05821187817021491,0.01267646079965546,0.0007863809649350533,0.06439128207881527,2047
log10_mass,seed_sigma_mm,0.003887432487848917,0.014783339616534769,0.06175581861281476,0.00760151174260083,0.009835117835767078,0.059028895114306715,2047
log10_mass,gaussian_seed_x_fraction,0.014761450388572493,0.013132584834196654,0.0453973096236837,0.01183110944061963,0.013976087822784974,0.04342584862192349,2047
log10_mass,gaussian_seed_y_fraction,0.007670730058998125,0.010724771986161716,0.03367902778954198,0.012064165714993526,0.008597597524951085,0.03798785526846544,2047
log10_mass,gaussian_seed_z_fraction,0.008991963814326105,0.012456632715377811,0.04136323672459508,0.01220230718765093,0.018541982608618227,0.05464151021435871,2047
V_core,rho,0.44815561456400094,0.07101338365640233,0.8652193428072578,0.08683693705465892,0.43142218462041626,0.8595764786808199,2047
V_core,white_matter_diffusivity,0.11937196532331389,0.04873075982419744,0.5456970161739217,0.06889545040283317,0.1337989094855203,0.556382755482315,2047
V_core,diffusivity_ratio,0.0047481097460885585,0.009170372826182127,0.023547857574407888,0.005789355922383611,0.007883149919085099,0.021885967774963072,2047
V_core,resection_time,0.007869287140216364,0.01204132533776458,0.07089310093498633,0.017861811050918146,0.013296680506288145,0.07436851433075115,2047
V_core,chemo_kill_rate,8.596493258323381e-05,0.00281206331497796,0.0021800476490681023,0.0007799640223842745,0.0026887682639902552,0.002394803680297799,2047
V_core,chemo_decay_rate,-4.1611323090341975e-05,0.0014774243729296602,0.0007669416786058291,0.0004103418312729895,-0.0007925431983659849,0.0007642785304494518,2047
V_core,rt_alpha,-0.0007948009444234514,0.0012409888774521777,0.00029295719131546666,9.076059779325552e-05,-0.0005233123793445158,0.00032721587436822653,2047
V_core,rt_alpha_beta_ratio,0.00012060313331312158,8.049088018452228e-05,1.3387190214767824e-06,3.800060560637908e-07,0.0001561385803906407,1.227259520652245e-06,2047
V_core,seed_peak_density,0.00010714041743571118,0.001704956685876263,0.0014076008563953973,0.0006458818459569212,0.0007206699324291797,0.001318714851474158,2047
V_core,seed_sigma_mm,0.0032330085764664,0.004643239562853502,0.0064903297466329685,0.0021738759966220297,0.004414528336225203,0.006084668261898091,2047
V_core,gaussian_seed_x_fraction,0.0028516983395821174,0.006042016690996216,0.015308905386985502,0.004011124675192405,-0.00027759508096773203,0.01487426592138159,2047
V_core,gaussian_seed_y_fraction,0.0032255284396742827,0.008317783762655481,0.021781216807090453,0.0059438697117571515,-0.0020910015617024314,0.02994475627227449,2047
V_core,gaussian_seed_z_fraction,0.0033438586001834844,0.009328361280932767,0.022375242723375852,0.006561156866553898,0.005325543616773571,0.022679608750333213,2047
V_edema,rho,0.4423923625308787,0.06781400215266595,0.8499574872890835,0.082404629638209,0.41977277720712286,0.8433320835139057,2047
V_edema,white_matter_diffusivity,0.13532281105900754,0.048670806629034995,0.5459820994163165,0.06580767440951886,0.15354350515519471,0.5580647342906041,2047
V_edema,diffusivity_ratio,0.006615837229551229,0.009420219691767973,0.02249115997481841,0.004899821226962892,0.010553929366954424,0.02118603364532124,2047
V_edema,resection_time,0.008282817760359891,0.011651978771178543,0.06630044715377015,0.016396602579970995,0.012013297515145651,0.0708469264505843,2047
V_edema,chemo_kill_rate,0.0002947234925142763,0.0027641003109223484,0.002225176082763202,0.0008037158241443019,0.002944321641668996,0.0025122514682936153,2047
V_edema,chemo_decay_rate,0.00029810701933541194,0.0014683763075491404,0.0007628853248832035,0.0003922491476846772,-0.00023380179563465983,0.0007344599987307429,2047
V_edema,rt_alpha,-0.0009373196492893182,0.0013602085489807466,0.00027006955207923764,7.59519517516945e-05,-0.0008311908789190085,0.0002998963807644364,2047
V_edema,rt_alpha_beta_ratio,0.00012144125921414909,7.929887358354768e-05,1.4469454365843766e-06,4.1696299071025247e-07,0.00016053273477573414,1.4196908384871205e-06,2047
V_edema,seed_peak_density,0.0006656137996231634,0.0016262885685592737,0.0015232522815245575,0.000612604131452161,0.0009981244194615718,0.0016189379583141734,2047
V_edema,seed_sigma_mm,0.0032799516008878817,0.005000020322784325,0.007304592328394631,0.002347145604014367,0.003927675612329851,0.007188050003854911,2047
V_edema,gaussian_seed_x_fraction,0.0029579367684987685,0.0060997950439129435,0.015150616288964254,0.0037534859435286675,-0.0002189510178306286,0.01475368602457212,2047
V_edema,gaussian_seed_y_fraction,0.004389666043857307,0.008591411031353047,0.02165681464379727,0.005360447135757492,-0.0010065773240065074,0.028144848105291893,2047
V_edema,gaussian_seed_z_fraction,0.0049090636838968,0.009677930534354553,0.023592328298691675,0.006502437400110589,0.007278285228985776,0.024071606495346162,2047
log10_V_core,rho,0.8506609932544497,0.048933221035042385,0.9712073011722927,0.04534644037576045,0.8399293402118548,0.9681452393180098,2047
log10_V_core,white_matter_diffusivity,0.032142490129596565,0.01676047943639117,0.08696458686918807,0.014215150910454423,0.022924488021174392,0.0885976936807821,2047
log10_V_core,diffusivity_ratio,0.007231085216011555,0.008459333217825068,0.01813459066293924,0.005778234320072851,0.006683547956231888,0.022350056328767107,2047
log10_V_core,resection_time,0.010220304179393819,0.011084064550457367,0.032517675549087924,0.008600856361574902,0.015551509169532216,0.04065125524801046,2047
log10_V_core,chemo_kill_rate,0.0054241751649053,0.011179084638098895,0.029903959608954134,0.007319870808815974,0.008078631228377375,0.027511538688493625,2047
log10_V_core,chemo_decay_rate,0.005936529469509578,0.007596852219424401,0.011848222330571688,0.004551850616241345,0.008218767394051151,0.010841651556186558,2047
log10_V_core,rt_alpha,0.010250920533968476,0.01388343549993921,0.04671622401022815,0.009915227196914018,0.007411471252155933,0.05112381747575892,2047
log10_V_core,rt_alpha_beta_ratio,0.00039567391579619553,0.0021341524857903787,0.0014747410396215711,0.001134676187069074,0.0008227724127442931,0.0013155881354502492,2047
log10_V_core,seed_peak_density,0.007608945444331523,0.009480917271496126,0.020993040337383913,0.00556966404941697,0.002584160527322271,0.02126905402933441,2047
log10_V_core,seed_sigma_mm,0.015739419060506188,0.011750729349233251,0.03418694060489063,0.00791543354543082,0.01619937969875348,0.034920837394940334,2047
log10_V_core,gaussian_seed_x_fraction,0.011980028986906553,0.009028928253968447,0.0210898022305766,0.006217583459816981,0.015847894138469275,0.029200592172327188,2047
log10_V_core,gaussian_seed_y_fraction,0.014240083780968344,0.009176794436298461,0.021451853154530624,0.006055794907464275,0.01450872119735041,0.028875506960672946,2047
log10_V_core,gaussian_seed_z_fraction,0.004441454594934313,0.009240137631987663,0.02153365942096583,0.006283047016461835,0.0071470120076230605,0.027575206593516366,2047
log10_V_edema,rho,0.7983022348506889,0.04701011918559063,0.952180058463309,0.04632103083852846,0.7891941241175369,0.9508257528444211,2047
log10_V_edema,white_matter_diffusivity,0.01740443020996984,0.02133231269586439,0.12645292349429899,0.016789658002026805,0.008996611157860867,0.12411079485126028,2047
log10_V_edema,diffusivity_ratio,0.0005368752410498136,0.008688360771360754,0.021113968869620827,0.005723658612896459,0.0014665893796255904,0.02314254956056879,2047
log10_V_edema,resection_time,0.0006843951632489525,0.01086084131197617,0.026855350809316267,0.007355280693250779,0.003767900323942894,0.030524919462733665,2047
log10_V_edema,chemo_kill_rate,0.0031679986447422114,0.012504712259817918,0.041026896963436615,0.0077804321780747055,-0.00041345859014176386,0.042589704965933894,2047
log10_V_edema,chemo_decay_rate,0.0017244312073171235,0.00708806702063241,0.013757159582812655,0.004825003517741217,0.002757393191254923,0.013273617813925866,2047
log10_V_edema,rt_alpha,0.017865792530496055,0.01472331943207013,0.056073073708302223,0.010130722574254085,0.013093771501926497,0.05690166989489771,2047
log10_V_edema,rt_alpha_beta_ratio,0.00015018409526866027,0.002826722979947947,0.0023502282284285692,0.001718095109508946,0.0022970603549639385,0.0025948247384710937,2047
log10_V_edema,seed_peak_density,0.0020693719429019626,0.011882778692982947,0.03804514803668233,0.006817706338460246,-0.007250992211698739,0.03257413629633198,2047
log10_V_edema,seed_sigma_mm,-0.0016547163807153044,0.014689165024761417,0.05425573020728485,0.009240541648922653,-0.002756903586938537,0.04928624640725716,2047
log10_V_edema,gaussian_seed_x_fraction,0.002616210268133515,0.011977655957990205,0.038205480299615444,0.0075305110184956635,-0.004998471328328574,0.03602613690147843,2047
log10_V_edema,gaussian_seed_y_fraction,0.00819476802446377,0.011187176913174597,0.03496707712376566,0.007092938358596039,-0.0008158351036909742,0.033602269183754085,2047
log10_V_edema,gaussian_seed_z_fraction,0.00987146597876438,0.011304246063246714,0.03646257948201603,0.007409885155220996,0.011902042376839346,0.04270099892123283,2047
r95_core,rho,0.6685108085266745,0.0588750977476459,0.8897584826954515,0.06868063814151858,0.6476194287555455,0.8897779809463289,2047
r95_core,white_matter_diffusivity,0.10023020039122249,0.031913721938038556,0.2952254680979316,0.034324417421865636,0.10679060081489776,0.3012113548068824,2047
r95_core,diffusivity_ratio,0.0038861332707554666,0.00542901455248195,0.0073940835607301135,0.00437236702303817,0.0050918372929734295,0.010106106142953137,2047
r95_core,resection_time,0.014225878552627885,0.009805000982311237,0.02804752929303949,0.0057006605414137695,0.016190318417892566,0.03162296733220878,2047
r95_core,chemo_kill_rate,0.00166914836282877,0.0048697133399381925,0.005144582859257157,0.0018529908623315544,0.0038273320676586917,0.005520665710694012,2047
r95_core,chemo_decay_rate,0.00162692998172191,0.0032221850011046166,0.0019903203759141447,0.0008954859749003679,0.003097861861984426,0.002242611686150926,2047
r95_core,rt_alpha,-0.0020977613873900567,0.004396359107285508,0.004120280159930987,0.0011712842816824773,-0.00268074648863137,0.004950568566040382,2047
r95_core,rt_alpha_beta_ratio,0.00023039102743965917,0.000368944196704444,0.00010825584493470857,8.149854292990233e-05,0.0002891333118568325,8.249043351959716e-05,2047
r95_core,seed_peak_density,0.0022432654465719955,0.0026290118405564596,0.0024095380742041195,0.0008383302307612004,0.001498334021334559,0.0027496393871385247,2047
r95_core,seed_sigma_mm,0.006772042864522627,0.005575123073769737,0.008004518423855658,0.001809112350156923,0.0058250473709311945,0.007928302514616735,2047
r95_core,gaussian_seed_x_fraction,0.004056322012320313,0.005527460702880903,0.0054593716521892,0.0013640607644361594,0.006516009910343465,0.006407263382062883,2047
r95_core,gaussian_seed_y_fraction,0.006596034229506361,0.006849226753066512,0.01406496409190824,0.007774253905344817,0.008210782879616484,0.021398149975332927,2047
r95_core,gaussian_seed_z_fraction,0.0025658084714042365,0.00565718122322451,0.00997802878031068,0.00700762506618371,0.002374637655741538,0.014038902275532604,2047
r95_edema,rho,0.6570505509893025,0.055812891105926826,0.8763057562728573,0.06641491088848087,0.6339819378012443,0.8734825294458115,2047
r95_edema,white_matter_diffusivity,0.11078598914794988,0.03254016951458576,0.30796643619350605,0.03414350729302844,0.1152419969191852,0.3141146495828349,2047
r95_edema,diffusivity_ratio,0.0014475249284504877,0.005073485973868929,0.0071647280876604505,0.004121246543575277,0.0024811535561361656,0.009496048856924677,2047
r95_edema,resection_time,0.009797577522939744,0.009301399811566356,0.025081921084220506,0.004891556375979939,0.01000224080009405,0.028044844093956228,2047
r95_edema,chemo_kill_rate,0.0012409385139641475,0.003928656980469613,0.005065969043736599,0.0018274025277837706,0.002914988569111992,0.00579427275457348,2047
r95_edema,chemo_decay_rate,0.000645530786578271,0.002227780451049881,0.0017085908372952018,0.0008049293117246032,0.001393911362103308,0.001425657137052649,2047
r95_edema,rt_alpha,-0.001132222583354871,0.004758641642746862,0.003982415626726083,0.0010686992334334058,-0.0022361956963128818,0.004477905559930086,2047
r95_edema,rt_alpha_beta_ratio,0.0003913982800309206,0.0006173200907403331,0.0001297501078613547,0.00011405836609554019,0.0007270944710273168,0.00018985755250387553,2047
r95_edema,seed_peak_density,0.0015819741988476628,0.00274357022526152,0.0029017831095373334,0.0008432989848374247,-0.0020654400000406103,0.0021828744865255295,2047
r95_edema,seed_sigma_mm,0.003923543201219164,0.006238135737952814,0.00886777262015419,0.0017671349443260519,0.0025273661776294733,0.008611060180293168,2047
r95_edema,gaussian_seed_x_fraction,0.002901018260545453,0.005019040919064824,0.0063424652877876455,0.001300588224479976,0.0021242519570775368,0.006106033953616842,2047
r95_edema,gaussian_seed_y_fraction,0.005659029609428929,0.006572439934562822,0.014479540611141876,0.007457223734391415,0.00480833547487672,0.020444729549784903,2047
r95_edema,gaussian_seed_z_fraction,0.0025506623519941205,0.00521569205806619,0.0103822561703944,0.0067697986669160715,0.001779558404502716,0.01370066217176742,2047
centroid_drift,rho,0.4461160910464024,0.058921623946877895,0.6988415125229928,0.06770356267865901,0.43849616510222006,0.7014586006315877,2005
centroid_drift,white_matter_diffusivity,0.23000026315380534,0.040743424533219004,0.4402441949068582,0.05134575308321817,0.23009225256584656,0.4493335390791728,2005
centroid_drift,diffusivity_ratio,0.0035383700954781396,0.006530144581376694,0.012259013095023578,0.002125303397168565,0.004677528766928299,0.012124341282875407,2005
centroid_drift,resection_time,0.01479178448430609,0.012038388650697666,0.04434035443160106,0.0066445461782804575,0.016435037329980095,0.04707598235226219,2005
centroid_drift,chemo_kill_rate,-9.706943035417432e-05,0.0015653052405047757,0.0007526927657875816,0.00022257876368740105,0.0008590768924057241,0.0008017068577343558,2005
centroid_drift,chemo_decay_rate,4.178055139231814e-05,0.0009210851913102091,0.00026335715352424934,0.00012278724360758787,-0.0004100554717546189,0.00022783640779260798,2005
centroid_drift,rt_alpha,-0.0002784476652665171,0.003746925655804192,0.00566880227034683,0.001396970927229076,-0.004104930750734027,0.006215028335963678,2005
centroid_drift,rt_alpha_beta_ratio,0.0005678520091343383,0.0008232585859621292,0.0001238775793522379,7.136420990218055e-05,0.0007083414491157974,0.00010193110355794211,2005
centroid_drift,seed_peak_density,0.002670036368995673,0.0038028075694921046,0.003537596000402865,0.0009052179068585547,0.003787258100248776,0.003566750199127209,2005
centroid_drift,seed_sigma_mm,0.004070339100938289,0.0054082725798530705,0.008072420713340887,0.0013404423319176865,0.0026849281218424806,0.008217209455205236,2005
centroid_drift,gaussian_seed_x_fraction,0.004509182785383012,0.01217516802624965,0.032135473096078275,0.0062447949726583355,0.014021127567067852,0.031048779268788674,2005
centroid_drift,gaussian_seed_y_fraction,0.0158648387457556,0.012693154036557427,0.04810168993107513,0.009715293573867252,0.019434766570449482,0.0617667849756074,2005
centroid_drift,gaussian_seed_z_fraction,0.004670629031663399,0.009522944909353473,0.028950459121438295,0.005910686580241693,-0.0010596058324322637,0.028469065706510647,2005
R_g,rho,0.43640792260232836,0.04422931093572644,0.5060708823365354,0.03530211912198563,0.42020820014485566,0.5004829690464199,2005
R_g,white_matter_diffusivity,0.4227265326455754,0.04005564532271661,0.50338089586562,0.03856868862364156,0.41525049018322163,0.5158198599411281,2005
R_g,diffusivity_ratio,0.01846037394115463,0.01049229723005094,0.023357121414944747,0.0029872146620842574,0.021929322667559762,0.0245551291000522,2005
R_g,resection_time,0.014304767588326323,0.01004737508534709,0.02490735245305729,0.002979681350216139,0.016642646653321144,0.025902808822694672,2005
R_g,chemo_kill_rate,-0.0005620415548099671,0.0015128358303415862,0.0006731506526273394,0.0001583312130199004,0.00012721733345069975,0.0006930420650284199,2005
R_g,chemo_decay_rate,0.00013442283534484056,0.0009957011090926738,0.00023302036033904882,8.369170588502538e-05,0.000368066781287372,0.00022792978985362153,2005
R_g,rt_alpha,-0.002141838507589191,0.003270291987225701,0.002945459368496652,0.0005927493044017042,-0.004712344801442888,0.003012791159551618,2005
R_g,rt_alpha_beta_ratio,5.022019559777401e-05,0.0004861061648482964,8.441503636054687e-05,5.4522223084596746e-05,0.00011655481903678315,0.00010312120785271292,2005
R_g,seed_peak_density,0.0023936181482255015,0.0029617867731310085,0.002946148880046386,0.0006467190616163325,0.0017550500088912532,0.002961719423989743,2005
R_g,seed_sigma_mm,0.00947385976186286,0.006535810285192364,0.010115644779771274,0.0012423528496591188,0.008054494808445946,0.010242736775150859,2005
R_g,gaussian_seed_x_fraction,0.01580659691614044,0.007886022465611245,0.016293871527477122,0.0021621689592073046,0.015323758834042491,0.01690093617163426,2005
R_g,gaussian_seed_y_fraction,0.011538718960226721,0.00871292429035662,0.018046094895617138,0.0020360731685679836,0.009012823926780976,0.019088821476761265,2005
R_g,gaussian_seed_z_fraction,0.01618177548176161,0.010525193538047062,0.022640087465339034,0.0029752356346316312,0.016189289750959533,0.022482284038256035,2005
log10_anisotropy,rho,0.2879478739572932,0.04840899664383647,0.6312993396461694,0.06190891509722577,0.30825343886169804,0.6187370872363028,2005
log10_anisotropy,white_matter_diffusivity,0.09382474558510658,0.041994771851597626,0.4592200937395878,0.06377265550122842,0.0914651093675026,0.4923269756418109,2005
log10_anisotropy,diffusivity_ratio,0.022095422471019602,0.02733238362358272,0.17498456138736684,0.021962939525599925,0.0163922499352865,0.16946649891303373,2005
log10_anisotropy,resection_time,0.016237237276657386,0.024532051034740352,0.130389135704082,0.038179235429071236,0.015535929796938523,0.1598756845075688,2005
log10_anisotropy,chemo_kill_rate,0.0019888661106318463,0.0029642719944148036,0.0021467610334210893,0.0007250617002199234,0.0008008477273779753,0.0016532921374872388,2005
log10_anisotropy,chemo_decay_rate,0.0006150734381463388,0.0016026134397947483,0.0007254328784225938,0.00024554503778894657,0.0005612145496749581,0.000646534927699798,2005
log10_anisotropy,rt_alpha,0.005484098071506636,0.017938172938922463,0.09087543006363456,0.023445978264867315,-0.010043425692818965,0.08522426416500477,2005
log10_anisotropy,rt_alpha_beta_ratio,-0.0021295679304045257,0.006712322138059548,0.010466076908410636,0.008278630811311182,-0.0005483338743594246,0.006441768385214796,2005
log10_anisotropy,seed_peak_density,0.012031067372866881,0.011971614490916075,0.03684989239615461,0.012173425483232813,0.01602952514525554,0.036703736724771174,2005
log10_anisotropy,seed_sigma_mm,0.012696201578745535,0.017144154164628816,0.07162516695117112,0.015217756958024438,0.010272455927139493,0.06752003785575161,2005
log10_anisotropy,gaussian_seed_x_fraction,0.0443416412151329,0.033424913083331786,0.27584800396773745,0.029812026827366184,0.03255687575797027,0.27815138381774196,2005
log10_anisotropy,gaussian_seed_y_fraction,0.011124661515174961,0.0377974911323396,0.3088504998076505,0.03858495484977866,0.011678510940452873,0.3250900579225761,2005
log10_anisotropy,gaussian_seed_z_fraction,0.021538690828166382,0.031931870225213606,0.24795321447808039,0.02747815661175136,0.0030983020864076252,0.2787058102166779,2005
wm_fraction,rho,0.0837552925713377,0.030922254968611017,0.3072489673163991,0.028344647006471345,0.07800866833811466,0.30613513556573135,2005
wm_fraction,white_matter_diffusivity,0.01692216436052151,0.028514311078828847,0.24349748544897956,0.0218363088310382,-0.0004162888591579542,0.2401463696863911,2005
wm_fraction,diffusivity_ratio,0.01059857210512318,0.010873611746869486,0.03507620250635678,0.006731523045636767,0.01184229300255642,0.035381571142992105,2005
wm_fraction,resection_time,-0.010075606859585386,0.012089672725484887,0.03787535292795181,0.010314001660661692,-0.01516761794362887,0.048721102126766655,2005
wm_fraction,chemo_kill_rate,0.0004789885101785734,0.0014743137850540306,0.0006880299151530786,0.00017508723319976195,0.0001111204856384792,0.0005691724208084137,2005
wm_fraction,chemo_decay_rate,0.00018632647232228925,0.0008639418438154028,0.0001870111056382316,5.009220658233293e-05,-0.0008405996167859565,0.00020248119344074892,2005
wm_fraction,rt_alpha,0.0033517485895584774,0.013911206364696687,0.03784355733930167,0.011259937102440264,0.0002626140613211797,0.039004177420044715,2005
wm_fraction,rt_alpha_beta_ratio,-0.0004200971029693143,0.001545969800635107,0.0007646873599635256,0.00041731757034104214,-0.0006941382940359442,0.0006476162328231607,2005
wm_fraction,seed_peak_density,0.002527182385777166,0.0072212455369778,0.016913719123739568,0.006978030698452977,0.0014287234384124706,0.01882324181589341,2005
wm_fraction,seed_sigma_mm,-0.00376492720959465,0.009725417835439142,0.028083636611826224,0.006337269373597984,-0.0016981794053471512,0.027095221274765956,2005
wm_fraction,gaussian_seed_x_fraction,0.13718947918161112,0.043824641787985084,0.527423730163096,0.06016163743349487,0.15103102884577974,0.5360803166018445,2005
wm_fraction,gaussian_seed_y_fraction,0.06593391045933994,0.0396879291473969,0.3859117283805919,0.04448517655050928,0.07357876059734864,0.3511682778523874,2005
wm_fraction,gaussian_seed_z_fraction,0.17501187455138226,0.04752753565902497,0.5545692869604656,0.058277054222319935,0.1734024741183543,0.5816843111908929,2005
pre_log10_mass,rho,0.5617534621886858,0.048404830160220895,0.6744963481178599,0.05030109200570484,0.5521796318997322,0.6734107017149977,2047
pre_log10_mass,white_matter_diffusivity,0.026654061347537433,0.015513811130800175,0.07109630603126037,0.009403230946789002,0.022444015575458748,0.07092434231649306,2047
pre_log10_mass,diffusivity_ratio,0.003093762355738709,0.004500578521463363,0.004703902431891777,0.00082191732245669,0.00531682115527997,0.0038503694000122162,2047
pre_log10_mass,resection_time,0.06739388475170167,0.02120636183894811,0.11842480646776432,0.014163362615777065,0.06902294694819913,0.1163835512004072,2047
pre_log10_mass,chemo_kill_rate,0.0,0.0,0.0,0.0,0.0,0.0,2047
pre_log10_mass,chemo_decay_rate,0.0,0.0,0.0,0.0,0.0,0.0,2047
pre_log10_mass,rt_alpha,0.0,0.0,0.0,0.0,0.0,0.0,2047
pre_log10_mass,rt_alpha_beta_ratio,0.0,0.0,0.0,0.0,0.0,0.0,2047
pre_log10_mass,seed_peak_density,0.04168994906125196,0.012464103653325922,0.040802973143319855,0.003550284421938977,0.03960499065757,0.04000145237315746,2047
pre_log10_mass,seed_sigma_mm,0.17974247866056592,0.02859720673781678,0.20330095446647609,0.015470351059849447,0.17979206412100593,0.2032982041185004,2047
pre_log10_mass,gaussian_seed_x_fraction,0.003363545865465264,0.00578637048488681,0.007276445080913323,0.0012082978418142272,0.0013799861977999374,0.007171325731657658,2047
pre_log10_mass,gaussian_seed_y_fraction,0.004228177702557678,0.004630977556609156,0.0061119538491662476,0.0010925947217639471,0.005553697572125934,0.006133081460235349,2047
pre_log10_mass,gaussian_seed_z_fraction,0.005446370756316336,0.0056295970679308876,0.0076454294050962174,0.001551984765500643,0.007048332934592083,0.007087242285400941,2047
pre_V_core,rho,0.18385722518069805,0.1670814825315447,0.875984160665512,0.288387771104348,0.10909031196131377,0.7969583881420296,2047
pre_V_core,white_matter_diffusivity,0.007967121707055458,0.011871646371767597,0.619771394736983,0.22052180482417333,0.011007570519027553,0.6446535165185729,2047
pre_V_core,diffusivity_ratio,0.004773669328801332,0.007851894068035459,0.03381370661376263,0.01716015878130546,-0.0010161337273767788,0.02679620767079563,2047
pre_V_core,resection_time,0.016367923158276263,0.020281283451837596,0.49732454543513704,0.16730206548709203,0.011878764094367243,0.5396546018218402,2047
pre_V_core,chemo_kill_rate,0.0,0.0,0.0,0.0,0.0,0.0,2047
pre_V_core,chemo_decay_rate,0.0,0.0,0.0,0.0,0.0,0.0,2047
pre_V_core,rt_alpha,0.0,0.0,0.0,0.0,0.0,0.0,2047
pre_V_core,rt_alpha_beta_ratio,0.0,0.0,0.0,0.0,0.0,0.0,2047
pre_V_core,seed_peak_density,-0.0004907583021260805,0.004187980586706141,0.0027959204828149923,0.001185847508315167,0.0004540612385101656,0.002393221193960877,2047
pre_V_core,seed_sigma_mm,0.007747454394712159,0.012899493411742702,0.013011975720815598,0.005144933389694055,-0.0006133100404893194,0.011082492580403312,2047
pre_V_core,gaussian_seed_x_fraction,0.0020193991819634177,0.0045295190980047745,0.03559879599453714,0.017917944815305984,-0.0014129962544172636,0.033309109799497146,2047
pre_V_core,gaussian_seed_y_fraction,0.008188835360809688,0.014014028519895562,0.07453393776919912,0.05617211130809263,0.002085298619317971,0.11308143852027398,2047
pre_V_core,gaussian_seed_z_fraction,0.002621660691207859,0.004942532443043151,0.059567030636525915,0.04211302863755647,0.004505588005129708,0.06486229012229396,2047
pre_V_edema,rho,0.180633418793948,0.14788375154229308,0.8531579844869532,0.2581225017728119,0.1168400084852285,0.7910412217532701,2047
pre_V_edema,white_matter_diffusivity,0.014152429978939788,0.015600575854105646,0.5937130737405175,0.19059106618426763,0.015359712102111326,0.6078046003976422,2047
pre_V_edema,diffusivity_ratio,0.0031502303261442014,0.008801312717386817,0.032071866180523566,0.01485971647813811,-0.0023395605853309943,0.02525396712902886,2047
pre_V_edema,resection_time,0.018618893692100517,0.023582416578571682,0.46524289326670765,0.1509690472282749,0.01432299760038954,0.5020185666231695,2047
pre_V_edema,chemo_kill_rate,0.0,0.0,0.0,0.0,0.0,0.0,2047
pre_V_edema,chemo_decay_rate,0.0,0.0,0.0,0.0,0.0,0.0,2047
pre_V_edema,rt_alpha,0.0,0.0,0.0,0.0,0.0,0.0,2047
pre_V_edema,rt_alpha_beta_ratio,0.0,0.0,0.0,0.0,0.0,0.0,2047
pre_V_edema,seed_peak_density,-0.00011932747110962683,0.004521645723674753,0.00315903081671963,0.0014521122516239066,0.0005875299124854123,0.0030640902499475572,2047
pre_V_edema,seed_sigma_mm,0.00760704181477893,0.012736071855220524,0.013572562020256267,0.005093923811751578,-0.0012132706605080537,0.011626990977493073,2047
pre_V_edema,gaussian_seed_x_fraction,0.002378348607269475,0.004406036777267374,0.03484571684981453,0.01584465269769075,-0.00090076904379933,0.03003778252860544,2047
pre_V_edema,gaussian_seed_y_fraction,0.006400238345362402,0.013272649843358532,0.058642253486506396,0.04059720685576258,0.0030386227654413673,0.08760012728801542,2047
pre_V_edema,gaussian_seed_z_fraction,0.003555337489299816,0.006670018824912696,0.04935120449424276,0.03239062554808266,0.006068159571910314,0.049516736134300465,2047
pre_log10_V_core,rho,0.6713252420104,0.05452194316712191,0.8424419503419274,0.051318490206011126,0.6666976227981417,0.8436026008671722,2047
pre_log10_V_core,white_matter_diffusivity,-0.0008407998007794737,0.019478466352067222,0.09461112499316093,0.010999376606019835,0.007563554780484405,0.0931723317989446,2047
pre_log10_V_core,diffusivity_ratio,-0.0014858418832881925,0.008404209179347538,0.017934125167217645,0.00432549267962287,-0.0035597167581470548,0.01612276816419813,2047
pre_log10_V_core,resection_time,0.03771755351037235,0.022549018606045797,0.12206518634434065,0.020684444602648115,0.03363160573031212,0.13343887494569476,2047
pre_log10_V_core,chemo_kill_rate,0.0,0.0,0.0,0.0,0.0,0.0,2047
pre_log10_V_core,chemo_decay_rate,0.0,0.0,0.0,0.0,0.0,0.0,2047
pre_log10_V_core,rt_alpha,0.0,0.0,0.0,0.0,0.0,0.0,2047
pre_log10_V_core,rt_alpha_beta_ratio,0.0,0.0,0.0,0.0,0.0,0.0,2047
pre_log10_V_core,seed_peak_density,0.03463088372650165,0.016283979764419768,0.07101799035661642,0.010096879783214345,0.03259433073030421,0.07708204608612904,2047
pre_log10_V_core,seed_sigma_mm,0.07192002152790328,0.020785081380143882,0.10934291077789308,0.013524351761078704,0.06889058001797652,0.10762912088369128,2047
pre_log10_V_core,gaussian_seed_x_fraction,-0.0020901855003234355,0.011822731796159593,0.03754076674741531,0.006602848686668035,0.004982776057411438,0.03699419411137804,2047
pre_log10_V_core,gaussian_seed_y_fraction,-0.002915431287742497,0.011211880665756242,0.03406858781617676,0.005799322687582898,-0.002839130085187864,0.03741356116371314,2047
pre_log10_V_core,gaussian_seed_z_fraction,-0.00416732700446164,0.01234377264259718,0.040703390414261825,0.006971941902983908,-0.009825585820406033,0.04083566350275057,2047
pre_log10_V_edema,rho,0.553690103151364,0.05082217532787587,0.7596843783641283,0.0533616645360873,0.5443537341297391,0.7575157846946403,2047
pre_log10_V_edema,white_matter_diffusivity,0.013301368557768775,0.024034934944775363,0.15058851855807032,0.01533487190929471,0.021951288665668985,0.15311719834362328,2047
pre_log10_V_edema,diffusivity_ratio,-0.0020477305797173785,0.010893150694149275,0.026732963922341483,0.005125523541176091,0.0008989605382083691,0.03147091719888049,2047
pre_log10_V_edema,resection_time,0.031851819850019183,0.019282133828910294,0.1001488080467735,0.018149353211012204,0.017850588583990627,0.08924772284579599,2047
pre_log10_V_edema,chemo_kill_rate,0.0,0.0,0.0,0.0,0.0,0.0,2047
pre_log10_V_edema,chemo_decay_rate,0.0,0.0,0.0,0.0,0.0,0.0,2047
pre_log10_V_edema,rt_alpha,0.0,0.0,0.0,0.0,0.0,0.0,2047
pre_log10_V_edema,rt_alpha_beta_ratio,0.0,0.0,0.0,0.0,0.0,0.0,2047
pre_log10_V_edema,seed_peak_density,0.042257493679014005,0.016818861324695088,0.07146967051528724,0.010270867208852334,0.04472069372403788,0.06520935429341727,2047
pre_log10_V_edema,seed_sigma_mm,0.13601068380860712,0.02806745308094298,0.1880586187581095,0.0194647837657514,0.13421165174122382,0.19276580192752032,2047
pre_log10_V_edema,gaussian_seed_x_fraction,-0.005396821968257303,0.015177446129567727,0.06432249290679877,0.00865041430232014,0.0054636625725930955,0.0697848729245628,2047
pre_log10_V_edema,gaussian_seed_y_fraction,-0.003943904427199045,0.014680063783604537,0.06639043900381628,0.009032941438399916,-0.005451448818072207,0.07036689055828316,2047
pre_log10_V_edema,gaussian_seed_z_fraction,0.007411730316785814,0.015152642207734665,0.0637440328694209,0.009420609365347589,0.013829483468404803,0.06597219089827032,2047
pre_r95_core,rho,0.47138667269316625,0.07835875085382828,0.8570347142067123,0.12159627802942986,0.47666610297915607,0.8646962905211117,2047
pre_r95_core,white_matter_diffusivity,0.015216219085526396,0.02529662047464625,0.25535818480226247,0.050757187532789204,0.010433094375176744,0.2523763744714719,2047
pre_r95_core,diffusivity_ratio,0.0015964814808039956,0.003783570872854188,0.0055239159039156055,0.0016677308289161888,5.574343023102249e-05,0.004827061309400889,2047
pre_r95_core,resection_time,0.06022673438813616,0.02873059595033586,0.28765522494435924,0.05868516200272028,0.06401330546026106,0.28562338069400983,2047
pre_r95_core,chemo_kill_rate,0.0,0.0,0.0,0.0,0.0,0.0,2047
pre_r95_core,chemo_decay_rate,0.0,0.0,0.0,0.0,0.0,0.0,2047
pre_r95_core,rt_alpha,0.0,0.0,0.0,0.0,0.0,0.0,2047
pre_r95_core,rt_alpha_beta_ratio,0.0,0.0,0.0,0.0,0.0,0.0,2047
pre_r95_core,seed_peak_density,0.005447489827429464,0.006676335424848995,0.01012538654657132,0.0034885434758850143,0.00482840227798196,0.01217331368181904,2047
pre_r95_core,seed_sigma_mm,0.017465654229302706,0.011091582517853112,0.03140120491383378,0.006261410023327892,0.016659690927882453,0.03057222413095231,2047
pre_r95_core,gaussian_seed_x_fraction,0.0015820646643599416,0.004387061913218853,0.007286749122113137,0.001863501276820066,0.0028236442182555535,0.006531319096663483,2047
pre_r95_core,gaussian_seed_y_fraction,0.0023270408132105495,0.00468520215418092,0.008161118549850141,0.002638394426401658,0.0017673765150772452,0.010413614501401264,2047
pre_r95_core,gaussian_seed_z_fraction,-0.0011079214619361456,0.004840087105216714,0.008952371990991635,0.002263918989941113,-0.00012668529154471797,0.008630995066633661,2047
pre_r95_edema,rho,0.44588873193781486,0.07222205141373933,0.8348278991863642,0.11540127337793779,0.4476268315212052,0.840713650773888,2047
pre_r95_edema,white_matter_diffusivity,0.0232022296105534,0.0282075183125614,0.27709188162448845,0.05014052843956657,0.022390473394913443,0.2730716707378099,2047
pre_r95_edema,diffusivity_ratio,-0.000816924571949107,0.004499413668574456,0.006255253108537357,0.0016766626982575054,-0.0006254671028488227,0.0059686336570928,2047
pre_r95_edema,resection_time,0.0596297190532642,0.02703693608393925,0.2634300949453187,0.051234069934394166,0.06423045244227342,0.25372834803971767,2047
pre_r95_edema,chemo_kill_rate,0.0,0.0,0.0,0.0,0.0,0.0,2047
pre_r95_edema,chemo_decay_rate,0.0,0.0,0.0,0.0,0.0,0.0,2047
pre_r95_edema,rt_alpha,0.0,0.0,0.0,0.0,0.0,0.0,2047
pre_r95_edema,rt_alpha_beta_ratio,0.0,0.0,0.0,0.0,0.0,0.0,2047
pre_r95_edema,seed_peak_density,0.0063062708932547645,0.006160625371428204,0.00912481394064762,0.0017887162596650309,0.005102655481144818,0.008646610187769174,2047
pre_r95_edema,seed_sigma_mm,0.03053294036875493,0.012373528318383686,0.03985408180755271,0.006697789677755513,0.031294543919365266,0.04028444443218325,2047
pre_r95_edema,gaussian_seed_x_fraction,0.00037919613394752673,0.005965020300218363,0.008467843113969734,0.0016669387447139543,0.0006457553259194978,0.00858972467659522,2047
pre_r95_edema,gaussian_seed_y_fraction,0.0020527315822707667,0.005335152705708462,0.009965021747223534,0.0026730916013302944,0.0003197935440198598,0.01246873713734521,2047
pre_r95_edema,gaussian_seed_z_fraction,0.00048422554999791865,0.005764708515398273,0.010286390260104517,0.0023307372994126273,0.0033814003655053245,0.010189380321653486,2047
pre_centroid_drift,rho,0.21051089272230042,0.06632102313760374,0.579422632631342,0.1080395153810282,0.2114257216616449,0.5953273268508822,2047
pre_centroid_drift,white_matter_diffusivity,0.19195787548055654,0.041203117370277015,0.41853775856738185,0.08091189046133737,0.1967303777156356,0.4144049850568884,2047
pre_centroid_drift,diffusivity_ratio,0.005509196161697696,0.008047692656096757,0.019159848544203675,0.004724738402561837,0.004928567546373158,0.02041683085701304,2047
pre_centroid_drift,resection_time,0.08205523154637379,0.0313210252788645,0.30072354369070314,0.0690960963900667,0.08644757153265156,0.2742616500929659,2047
pre_centroid_drift,chemo_kill_rate,0.0,0.0,0.0,0.0,0.0,0.0,2047
pre_centroid_drift,chemo_decay_rate,0.0,0.0,0.0,0.0,0.0,0.0,2047
pre_centroid_drift,rt_alpha,0.0,0.0,0.0,0.0,0.0,0.0,2047
pre_centroid_drift,rt_alpha_beta_ratio,0.0,0.0,0.0,0.0,0.0,0.0,2047
pre_centroid_drift,seed_peak_density,-0.0006732083850351019,0.003244809882273974,0.0022678845193151538,0.0005603386425883842,-0.0013362571794998197,0.002327061023385021,2047
pre_centroid_drift,seed_sigma_mm,0.002366841454873494,0.008701565830494935,0.013095768099520675,0.0028232674218605825,0.0005592230517355377,0.01345671351215672,2047
pre_centroid_drift,gaussian_seed_x_fraction,0.003938091192271831,0.013063962121050496,0.05728036550382389,0.016922278335614684,0.0036509183928167383,0.0620816948999817,2047
pre_centroid_drift,gaussian_seed_y_fraction,0.010812581624729945,0.012266657027983784,0.07639926936590224,0.02952171536798811,0.011274519714876124,0.10424598135263392,2047
pre_centroid_drift,gaussian_seed_z_fraction,0.004473616879621929,0.010005939656901977,0.0568236439432494,0.02217240207093801,-0.002498525070416979,0.06221195465282128,2047
pre_R_g,rho,0.17983017056434863,0.04531078734387041,0.29164596373480234,0.03708673603510921,0.17453514400473719,0.29303744007442495,2047
pre_R_g,white_matter_diffusivity,0.41010297726168843,0.04523532048327078,0.539625122735882,0.05567655718868235,0.4075362589491327,0.530570084888265,2047
pre_R_g,diffusivity_ratio,0.02330260896181694,0.012670327516786439,0.038124953316258044,0.005504803075176833,0.02200205914679796,0.03787551786550397,2047
pre_R_g,resection_time,0.09383529542387865,0.02479838445857178,0.227916000536298,0.03512162620351673,0.09649121997488597,0.22750883615750264,2047
pre_R_g,chemo_kill_rate,0.0,0.0,0.0,0.0,0.0,0.0,2047
pre_R_g,chemo_decay_rate,0.0,0.0,0.0,0.0,0.0,0.0,2047
pre_R_g,rt_alpha,0.0,0.0,0.0,0.0,0.0,0.0,2047
pre_R_g,rt_alpha_beta_ratio,0.0,0.0,0.0,0.0,0.0,0.0,2047
pre_R_g,seed_peak_density,0.0024583152992676254,0.0036016997431179668,0.0034012747793587383,0.0005263032102995756,0.00023231404088166203,0.0032709030418350193,2047
pre_R_g,seed_sigma_mm,0.019230009002528473,0.010118897621291405,0.026243862156702012,0.0031653977609820056,0.021131911245742124,0.02613306551126714,2047
pre_R_g,gaussian_seed_x_fraction,0.02266363361014634,0.013228160019724924,0.0385948055031258,0.005285398770851163,0.029022370440926662,0.03658209210365686,2047
pre_R_g,gaussian_seed_y_fraction,0.012624216339546563,0.010145659993981536,0.031004300909919093,0.0042337295779264405,0.014022817098424581,0.03453590688213144,2047
pre_R_g,gaussian_seed_z_fraction,0.022361735323098746,0.01379729755243135,0.042590319615835454,0.007671981535677575,0.02279092524799621,0.041426766934681114,2047
pre_log10_anisotropy,rho,0.18722885654338697,0.03954891818156442,0.3535181642252657,0.03297991259790181,0.17259272344593868,0.3302783204802221,2047
pre_log10_anisotropy,white_matter_diffusivity,0.212068315476424,0.038552587694469835,0.4010207251828664,0.03700065341003626,0.20033186505568945,0.3810220636443241,2047
pre_log10_anisotropy,diffusivity_ratio,0.025041484202663555,0.02363747042928086,0.188555812723449,0.021929933002786124,0.01761201570695979,0.1963287914309867,2047
pre_log10_anisotropy,resection_time,0.07040918693763282,0.024505289047572612,0.19135539506076465,0.024609489105667973,0.06157188705178076,0.20138218788005527,2047
pre_log10_anisotropy,chemo_kill_rate,0.0,0.0,0.0,0.0,0.0,0.0,2047
pre_log10_anisotropy,chemo_decay_rate,0.0,0.0,0.0,0.0,0.0,0.0,2047
pre_log10_anisotropy,rt_alpha,0.0,0.0,0.0,0.0,0.0,0.0,2047
pre_log10_anisotropy,rt_alpha_beta_ratio,0.0,0.0,0.0,0.0,0.0,0.0,2047
pre_log10_anisotropy,seed_peak_density,0.0017654921308459769,0.005423028911808791,0.007684887678781221,0.0016469036380686375,0.002343928436410901,0.008495142969976499,2047
pre_log10_anisotropy,seed_sigma_mm,0.01170069382596368,0.015232652466280618,0.06253657491614628,0.00939334358914445,0.008611278738480234,0.06339494431171613,2047
pre_log10_anisotropy,gaussian_seed_x_fraction,0.02474549118510399,0.03378108291894762,0.3499105543289449,0.034215259892155916,0.03348358706584306,0.3701132188698237,2047
pre_log10_anisotropy,gaussian_seed_y_fraction,-0.005479808772034536,0.03193828111727133,0.29457835631424134,0.02825751834336085,-0.02597036975288175,0.31443067467939095,2047
pre_log10_anisotropy,gaussian_seed_z_fraction,-0.003738907613751839,0.03210758753101606,0.28912810768924546,0.02839707415443239,-0.040704705508699215,0.3012008766997034,2047
pre_wm_fraction,rho,0.028797382944382943,0.01651693339489352,0.0853224560634983,0.010251199452432627,0.021869113929880217,0.08630805027318499,2047
pre_wm_fraction,white_matter_diffusivity,0.00047474169074494837,0.021025473758964415,0.10465445059935911,0.010172899168889502,-0.010780177139034895,0.09709159869027381,2047
pre_wm_fraction,diffusivity_ratio,0.0003459421029687783,0.0064405443301087245,0.011234749101078974,0.0013361373941820993,-0.001043275678716358,0.010929499651646727,2047
pre_wm_fraction,resection_time,0.00203111810116787,0.012563741230103512,0.042148237004409596,0.005403560103762847,0.0036947916836570296,0.04153831122030222,2047
pre_wm_fraction,chemo_kill_rate,0.0,0.0,0.0,0.0,0.0,0.0,2047
pre_wm_fraction,chemo_decay_rate,0.0,0.0,0.0,0.0,0.0,0.0,2047
pre_wm_fraction,rt_alpha,0.0,0.0,0.0,0.0,0.0,0.0,2047
pre_wm_fraction,rt_alpha_beta_ratio,0.0,0.0,0.0,0.0,0.0,0.0,2047
pre_wm_fraction,seed_peak_density,-0.000790918742183874,0.002582325555298186,0.001903463596349351,0.00044133779354558296,-0.0009722387292908585,0.0018654941618897886,2047
pre_wm_fraction,seed_sigma_mm,-0.0012677124141844082,0.00763523708262597,0.0158421248480168,0.0024492040458294517,0.0011957066647627448,0.014935574585806717,2047
pre_wm_fraction,gaussian_seed_x_fraction,0.22572413533372226,0.046699134251398614,0.5938730996916712,0.051504528564561246,0.2478970912441625,0.586956861314769,2047
pre_wm_fraction,gaussian_seed_y_fraction,0.07665154880830717,0.03922960113016071,0.44692509684777865,0.0397878906997159,0.09733364465180173,0.429459717933603,2047
pre_wm_fraction,gaussian_seed_z_fraction,0.19413342872286993,0.045675794920705115,0.5783213305939507,0.05098528025662591,0.19990723922686782,0.5936171001453115,2047
